title,rate,budget,revenue,runtime,year
Pirates of the Caribbean: At World's End,6.9,300000000,961000000,169.0,2007
Spider-Man 3,5.9,258000000,890871626,139.0,2007
The Golden Compass,5.8,180000000,372234864,113.0,2007
Rush Hour 3,6.1,140000000,258022233,91.0,2007
Evan Almighty,5.3,175000000,173000000,96.0,2007
Shrek the Third,6.0,160000000,798958165,93.0,2007
Transformers,6.6,150000000,709709780,144.0,2007
Harry Potter and the Order of the Phoenix,7.4,150000000,938212738,138.0,2007
I Am Legend,6.9,150000000,585349010,101.0,2007
Ratatouille,7.5,150000000,623722818,111.0,2007
Bee Movie,5.7,150000000,287594577,91.0,2007
Beowulf,5.5,70000000,195735876,115.0,2007
The Bourne Ultimatum,7.3,70000000,442824138,115.0,2007
Fantastic 4: Rise of the Silver Surfer,5.4,130000000,289047763,92.0,2007
Ghost Rider,5.2,110000000,228738393,114.0,2007
Live Free or Die Hard,6.4,110000000,383531464,128.0,2007
American Gangster,7.4,100000000,266465037,157.0,2007
Surf's Up,5.9,85000000,149044513,85.0,2007
Enchanted,6.6,85000000,340487652,107.0,2007
Ocean's Thirteen,6.5,85000000,311312624,122.0,2007
Zodiac,7.3,65000000,84785914,157.0,2007
The Invasion,5.7,80000000,15071514,99.0,2007
Hairspray,6.5,50000000,90450008,117.0,2007
Charlie Wilson's War,6.5,75000000,119000410,102.0,2007
The Kingdom,6.5,70000000,86658558,110.0,2007
The Simpsons Movie,6.9,75000000,527068851,87.0,2007
Stardust,7.1,70000000,135560026,127.0,2007
The Last Legion,5.0,67000000,25303038,102.0,2007
Blades of Glory,5.9,53000000,0,93.0,2007
Wild Hogs,5.6,0,253625427,100.0,2007
Shooter,6.9,61000000,95696996,124.0,2007
In the Name of the King: A Dungeon Siege Tale,4.1,60000000,0,127.0,2007
Alvin and the Chipmunks,5.5,60000000,361366633,92.0,2007
Elizabeth: The Golden Age,6.6,55000000,74237563,114.0,2007
Grindhouse,6.8,67000000,25037897,191.0,2007
Lucky You,5.4,0,5761917,124.0,2007
Hannibal Rising,6.0,50000000,82169884,121.0,2007
Eastern Promises,7.2,51500000,55112356,100.0,2007
3:10 to Yuma,6.9,55000000,70016220,122.0,2007
The Bucket List,7.0,45000000,175372502,97.0,2007
Resident Evil: Extinction,6.1,45000000,148412065,94.0,2007
Across the Universe,7.1,0,0,133.0,2007
Love in the Time of Cholera,6.4,45000000,4607608,139.0,2007
Aliens vs Predator: Requiem,4.9,40000000,41797066,94.0,2007
Music and Lyrics,6.2,40000000,145896422,96.0,2007
The Reaping,5.4,40000000,62771059,99.0,2007
Sunshine,7.0,50000000,32017803,107.0,2007
Disturbia,6.6,20000000,117760134,105.0,2007
The Hunting Party,6.6,0,0,101.0,2007
The Warlords,6.3,40000000,0,126.0,2007
Because I Said So,5.8,0,69485490,102.0,2007
Virgin Territory,4.3,38000000,5410749,93.0,2007
TMNT,6.0,34000000,95608995,90.0,2007
License to Wed,5.2,35000000,69307224,91.0,2007
Lions for Lambs,6.0,35000000,63215872,92.0,2007
Walk Hard: The Dewey Cox Story,6.6,35000000,18317151,96.0,2007
The Number 23,6.3,30000000,77566815,101.0,2007
Dragon Wars: D-War,4.0,70000000,53587404,90.0,2007
P.S. I Love You,6.9,30000000,156835339,126.0,2007
Atonement,7.4,30000000,129266061,123.0,2007
30 Days of Night,6.2,30000000,75505973,113.0,2007
88 Minutes,5.7,30000000,16930884,108.0,2007
The Assassination of Jesse James by the Coward Robert Ford,7.0,30000000,14711793,160.0,2007
Goodbye Bafana,7.0,30000000,0,140.0,2007
No Reservations,6.1,28000000,92601050,104.0,2007
We Own the Night,6.5,21000000,54926886,117.0,2007
Knocked Up,6.2,30000000,219076518,129.0,2007
Rendition,6.2,27500000,24748670,120.0,2007
Martian Child,6.8,0,0,106.0,2007
No Country for Old Men,7.7,25000000,171600000,122.0,2007
Bridge to Terabithia,7.0,60000000,137587063,96.0,2007
There Will Be Blood,7.9,25000000,77208711,158.0,2007
Good Luck Chuck,5.5,25000000,59192128,101.0,2007
Mr. Bean's Holiday,6.1,25000000,229736344,90.0,2007
August Rush,7.1,25000000,66122026,114.0,2007
War,6.0,25000000,40452643,103.0,2007
Hot Rod,6.3,0,14334401,88.0,2007
In the Valley of Elah,6.6,23000000,29541790,124.0,2007
1408,6.5,25000000,94679598,104.0,2007
The Game Plan,6.0,22000000,147880543,110.0,2007
Moliere,6.7,0,0,115.0,2007
Michael Clayton,6.5,25000000,92991835,119.0,2007
Death at a Funeral,6.9,9000000,46,90.0,2007
Freedom Writers,7.5,21000000,41170784,123.0,2007
Premonition,5.8,20000000,84146832,96.0,2007
Epic Movie,3.2,20000000,86865564,86.0,2007
Nancy Drew,5.8,0,0,99.0,2007
Georgia Rule,5.6,20000000,0,113.0,2007
Reign Over Me,7.1,20000000,22222308,124.0,2007
Into the Wild,7.8,15000000,56255142,148.0,2007
The Kite Runner,7.3,20000000,73276047,128.0,2007
Death Sentence,6.5,20000000,16974459,105.0,2007
Code Name: The Cleaner,4.7,20000000,10337477,84.0,2007
I'm Not There.,6.6,20000000,4001121,135.0,2007
Butterfly on a Wheel,6.3,20000000,0,95.0,2007
Mongol: The Rise of Genghis Khan,6.5,18000000,26527510,120.0,2007
Superbad,7.0,20000000,121463226,113.0,2007
Hitman,5.9,24000000,99965753,89.0,2007
Becoming Jane,6.9,16500000,37311672,120.0,2007
Sydney White,6.0,16500000,13620075,108.0,2007
Hot Fuzz,7.4,12000000,80573774,121.0,2007
Arn: The Knight Templar,6.4,25000000,0,139.0,2007
Things We Lost in the Fire,6.7,16000000,2849142,113.0,2007
Why Did I Get Married?,6.1,15000000,55184721,113.0,2007
The Great Debaters,6.9,15000000,30226144,126.0,2007
28 Weeks Later,6.5,15000000,64238440,100.0,2007
The Hills Have Eyes 2,5.2,15000000,0,89.0,2007
U2 3D,6.7,15000000,22730842,85.0,2007
A Mighty Heart,6.7,16000000,18928871,100.0,2007
Blood and Chocolate,5.4,0,0,98.0,2007
The Company,7.0,0,0,276.0,2007
Funny Games,6.3,15000000,7938872,112.0,2007
The Good Night,5.7,15000000,20380,93.0,2007
Stomp the Yard,6.1,13000000,75511123,114.0,2007
I Think I Love My Wife,5.0,11000000,13196245,90.0,2007
The Diving Bell and the Butterfly,7.4,14000000,19777647,112.0,2007
This Christmas,7.1,13000000,0,117.0,2007
The Mist,6.7,18000000,57096190,126.0,2007
Resurrecting the Champ,5.9,0,0,112.0,2007
Lars and the Real Girl,7.1,12000000,11293663,106.0,2007
Married Life,6.1,12000000,0,90.0,2007
The Life Before Her Eyes,6.1,8000000,0,90.0,2007
Trade,6.8,12000000,0,120.0,2007
St. Trinian's,5.6,0,0,101.0,2007
In the Land of Women,5.8,10000000,17500000,97.0,2007
September Dawn,5.0,11000000,0,110.0,2007
Saw IV,5.9,10000000,139352633,93.0,2007
Reno 911!: Miami,5.6,10000000,20342161,84.0,2007
"Run, Fatboy, Run",6.2,10000000,33000000,100.0,2007
The Brothers Solomon,4.9,0,0,93.0,2007
My Blueberry Nights,6.0,10000000,21786738,111.0,2007
Blonde Ambition,3.9,10000000,0,93.0,2007
White Noise 2: The Light,5.6,0,0,99.0,2007
Partition,6.4,0,0,116.0,2007
Sicko,7.3,9000000,24538513,123.0,2007
The Savages,6.8,0,0,114.0,2007
Gracie,6.0,9000000,2955039,97.0,2007
Awake,6.3,86000000,14373825,84.0,2007
Namastey London,6.6,0,0,128.0,2007
When Did You Last See Your Father?,6.9,0,92,92.0,2007
Brooklyn Rules,5.8,8000000,458232,99.0,2007
The Death and Life of Bobby Z,5.8,22000000,413454,97.0,2007
Hostel: Part II,5.6,10200000,35619521,93.0,2007
Ta Ra Rum Pum,6.0,0,0,156.0,2007
Persepolis,7.7,7300000,0,95.0,2007
Juno,7.0,7500000,231411584,96.0,2007
Who's Your Caddy?,3.8,0,0,93.0,2007
High School Musical 2,6.1,0,7000000,104.0,2007
Elite Squad,7.8,4000000,0,115.0,2007
Control,7.5,0,8159508,121.0,2007
Daddy Day Camp,4.4,6000000,18197398,89.0,2007
The Ten,4.9,0,0,96.0,2007
"Gandhi, My Father",6.0,0,0,136.0,2007
Redacted,6.2,5000000,782102,90.0,2007
All Hat,1.0,0,0,89.0,2007
Savage Grace,5.7,4600000,0,97.0,2007
The Orphanage,7.1,0,44000000,105.0,2007
You Kill Me,6.2,4000000,2426851,90.0,2007
Purple Violets,5.7,4000000,0,103.0,2007
Diary of the Dead,5.4,2000000,5364858,95.0,2007
Timecrimes,7.0,2600000,553198,92.0,2007
Timber Falls,5.2,2600000,0,97.0,2007
Brick Lane,5.2,0,0,102.0,2007
Eye of the Dolphin,7.1,2500000,71904,100.0,2007
The Last Sin Eater,6.2,0,0,117.0,2007
Jack Brooks: Monster Slayer,5.7,0,0,85.0,2007
[REC],7.1,1500000,30448000,78.0,2007
No End in Sight,7.2,2000000,1431623,102.0,2007
In the Shadow of the Moon,7.6,2000000,0,109.0,2007
Teeth,5.2,0,0,94.0,2007
Rockaway,5.8,0,0,76.0,2007
Slacker Uprising,5.9,0,0,102.0,2007
Sublime,5.3,0,0,113.0,2007
Caramel,6.8,0,0,96.0,2007
Waitress,6.7,2000000,22179430,108.0,2007
My Name Is Bruce,5.9,1500000,173066,86.0,2007
Certifiably Jonathan,0.0,1200000,0,85.0,2007
Taxi to the Dark Side,6.6,1000000,274661,106.0,2007
And Then Came Love,5.0,0,0,90.0,2007
"4 Months, 3 Weeks and 2 Days",7.3,852510,1185783,113.0,2007
The Hammer,6.5,0,0,88.0,2007
Aqua Teen Hunger Force Colon Movie Film for Theaters,6.5,0,0,86.0,2007
Carousel of Revenge,0.0,0,0,103.0,2007
Finishing The Game,4.9,0,0,84.0,2007
Kiss the Bride,4.2,0,0,100.0,2007
The Living Wake,5.0,0,0,91.0,2007
Paranormal Activity,5.9,15000,193355800,86.0,2007
Shotgun Stories,6.9,0,0,92.0,2007
The Man from Earth,7.7,0,0,87.0,2007
The Trials Of Darryl Hunt,6.8,0,0,106.0,2007
Once,7.3,160000,20710513,85.0,2007
A Dog's Breakfast,5.9,120000,0,88.0,2007
Straightheads,5.2,0,0,88.0,2007
The Legend of God's Gun,0.0,0,0,78.0,2007
Tin Can Man,2.0,13,0,84.0,2007
